{
    "RMSE": 0.09983359011262537,
    "ratio of flooding area": 0.8056387115855779,
    "AvgCSI": 0.5367236539566107,
    "CSI0.05": 0.5746841178828491,
    "CSI0.3": 0.4987631900303723
}