{
    "RMSE": 0.08629033855915308,
    "ratio of flooding area": 0.6798268578211744,
    "AvgCSI": 0.5990599677905047,
    "CSI0.05": 0.5999444213924344,
    "CSI0.3": 0.5981755141885751
}