{
    "RMSE": 0.08868335836970982,
    "ratio of flooding area": 0.6775446744391465,
    "AvgCSI": 0.5966535007203002,
    "CSI0.05": 0.600890994320674,
    "CSI0.3": 0.5924160071199263
}