{
    "RMSE": 0.09995908748794773,
    "ratio of flooding area": 0.7736521728703951,
    "AvgCSI": 0.5704869320381525,
    "CSI0.05": 0.6099068736463665,
    "CSI0.3": 0.5310669904299385
}