{
    "RMSE": 0.09207722225542041,
    "ratio of flooding area": 0.8963025431756322,
    "AvgCSI": 0.5861825068163953,
    "CSI0.05": 0.6215570540447245,
    "CSI0.3": 0.5508079595880662
}