{
    "RMSE": 0.09257226122275235,
    "ratio of flooding area": 0.7317854987430006,
    "AvgCSI": 0.5716182877156473,
    "CSI0.05": 0.565957339154445,
    "CSI0.3": 0.5772792362768496
}