{
    "RMSE": 0.09645825207617666,
    "ratio of flooding area": 0.7366616173525874,
    "AvgCSI": 0.5782939479218285,
    "CSI0.05": 0.5836564955607715,
    "CSI0.3": 0.5729314002828855
}