{
    "RMSE": 0.08844747456171957,
    "ratio of flooding area": 0.7279605434074476,
    "AvgCSI": 0.591861399867595,
    "CSI0.05": 0.5982477218535702,
    "CSI0.3": 0.5854750778816199
}